{"loss":1.3365788459777832,"average validation loss":1.479442949112231,"_runtime":0,"_timestamp":1.774538463649666e+09,"test accuracy":48.67,"test loss":464.952627658844,"_wandb":{"runtime":0},"validation loss":463.0656430721283,"_step":3463,"average test loss":1.4854716538621213}